Site,filename,Name,storeName,joltLocationID
10684,store-10684,Scott City,Wendy's 10684 - Scott City,TG9jYXRpb246MDAwNTg3NWMyNjBkNGNkYWU2YTVmYzkzZTAzZTZkOGQ=
10816,store-10816,Ellensburg,Wendy's 10816 - Ellensburg,TG9jYXRpb246MDAwNTg3NWIyNjBkNGM2Y2Q0MTJjYzU4YjIyN2JmYjM=
11066,store-11066,Regal,Wendy's 11066 - Regal,TG9jYXRpb246MDAwNTg3NWIyNjBkNGM2ZDc4ODE2MDg1YmIzZjdhNzI=
11087,store-11087,Klamath Falls,Wendy's 11087 - Klamath Falls,TG9jYXRpb246MDAwNTg3MmQyNjBkNGNjODEwOGIwOWRiNTMxNDk2MTk=
11088,store-11088,Fremont,Wendy's 11088 - Fremont,TG9jYXRpb246MDAwNTg3MmQyNjBkNGNjODg0ZmU0NTg4NDY1ZTBmOGU=
11145,store-11145,Clays Center,Wendy's 11145 - Clays Center,TG9jYXRpb246MDAwNTg3NWMyNjBkNGNkYWViNDdjN2UyNDBhMjg3ZmY=
11275,store-11275,Dodge City,Wendy's 11275 - Dodge City,TG9jYXRpb246MDAwNTg3NWMyNjBkNGNkYWM4Mzk1NTI5MjMxOTRjOTA=
11321,store-11321,Hays 2,Wendy's 11321 - Hays 2,TG9jYXRpb246MDAwNTg3NWMyNjBkNGNkYWQ4ZmJlZjg5OGY0ZWI0ZWM=
11745,store-11745,Yakima,Wendy's 11745 - Yakima,TG9jYXRpb246MDAwNTg3NWIyNjBkNGM2Yjc2YTYyNGU0Y2Y1NDMwMGQ=
11881,store-11881,Liberal,Wendy's 11881 - Liberal,TG9jYXRpb246MDAwNTg3NWMyNjBkNGNkYWY5MmU1NWEwMGZmNTI5YWY=
12251,store-12251,Moses Lake,Wendy's 12251 - Moses Lake,TG9jYXRpb246MDAwNTg3NWIyNjBkNGM2YmY3NGMxYTAwZDBlYzE3N2Q=
12281,store-12281,Ponderay,Wendy's 12281 - Ponderay,TG9jYXRpb246MDAwNjEyOTMyNjEzOTFjZTQ2YjZmYWE3MWE4MjFjY2E=
13019,store-13019,Road 68,Wendy's 13019 - Road 68,TG9jYXRpb246MDAwNTg3NWIyNjBkNGM2ZDY4MjRjYzY3MmJlNzIxODc=
13240,store-13240,South Pointe,Wendy's 13240 - South Pointe,TG9jYXRpb246MDAwZDAxMzkyNjM3NjgwMWE0ZWMyOGM1NTA5ZDhjNDY=
13531,store-13531,Springfield,Wendy's 13531 - Springfield,TG9jYXRpb246MDAxMmE5YmEyNjQ1NTJlN2RlNjcyZTQ3ZGM3NWNlNjU=
14422,store-14422,Union Gap,Wendy's 14422 - Union Gap,TG9jYXRpb246MDAyM2U4MzkyNjdmNTRhMGMyNzAxOTRkMTZjZGE0NjE=
2992,store-2992,South 48,Wendy's 2992 - South 48,TG9jYXRpb246MDAwNTg3MmQyNjBkNGNjODU2NGY2MzVmYTIzOTRiNDA=
3108,store-3108,Hastings,Wendy's 3108 - Hastings,TG9jYXRpb246MDAwNTg3MmQyNjBkNGNjODRkNGU5ODk4ZTNlMDRlNTM=
3166,store-3166,Locust,Wendy's 3166 - Locust,TG9jYXRpb246MDAwNTg3MmQyNjBkNGNjODQ4ZmRjYzMxYWNhNDA1YWI=
3261,store-3261,Roseburg,Wendy's 3261 - Roseburg,TG9jYXRpb246MDAwNTg3NWIyNjBkNGM2ZDgzMzg1YmUyZTg5N2MwZDc=
3262,store-3262,Pasco,Wendy's 3262 - Pasco,TG9jYXRpb246MDAwNTg3NWIyNjBkNGM2Y2E4YWNhNTAxYzY0NDRiYjU=
3360,store-3360,North Platte,Wendy's 3360 - North Platte,TG9jYXRpb246MDAwNTg3MmQyNjBkNGNjODQzMmFiYTI2MGZiN2Y5YWU=
3366,store-3366,Eugene,Wendy's 3366 - Eugene,TG9jYXRpb246MDAwNTg3NWIyNjBkNGM2ZDA4YWI4MGJkNDE5YzllMjg=
3388,store-3388,Q Street,Wendy's 3388 - Q Street,TG9jYXRpb246MDAwNTg3MmQyNjBkNGNjODVhZjliNWRjYThhMGZmMWI=
3430,store-3430,Kearney South,Wendy's 3430 - Kearney South,TG9jYXRpb246MDAwNTg3MmQyNjBkNGNjODFhMTA0NDU5ODJiZmZiZjU=
3473,store-3473,Bend 1,Wendy's 3473 - Bend 1,TG9jYXRpb246MDAwNTg3MmQyNjBkNGNjODE1MjkwODk2OWI0MWFkZmI=
3477,store-3477,Great Bend,Wendy's 3477 - Great Bend,TG9jYXRpb246MDAwNTg3NWMyNjBkNGNkYWMzMDNjNjY4N2FkZGY3NjQ=
3534,store-3534,Richland,Wendy's 3534 - Richland,TG9jYXRpb246MDAwNTg3NWIyNjBkNGM2YjhhMWM1MDJmYWZkYmU5NDY=
3583,store-3583,Grant Pass,Wendy's 3583 - Grant Pass,TG9jYXRpb246MDAwNTg3MmQyNjBkNGNjODA2ZGE5MzUxODNiZTk1YmI=
3685,store-3685,Pendleton,Wendy's 3685 - Pendleton,TG9jYXRpb246MDAwNTg3NWIyNjBkNGM2YzM3MTFjZDBmZjUzNDNhYmM=
3738,store-3738,Coos Bay,Wendy's 3738 - Coos Bay,TG9jYXRpb246MDAwNTg3NWIyNjBkNGM2Y2VhMmEwMDMwNzNhYjIxNWM=
3768,store-3768,Bear Creek,Wendy's 3768 - Bear Creek,TG9jYXRpb246MDAwNTg3MmQyNjBkNGNjODAyNjVlNjRmMTBhMjE2ZWI=
3842,store-3842,Sheridan,Wendy's 3842 - Sheridan,TG9jYXRpb246MDAwNzg4MzEyNjIwMTQ0MjBiOTAxOGJlYThlNDVmYzY=
3949,store-3949,Cody,Wendy's 3949 - Cody,TG9jYXRpb246MDAwNzg4MzEyNjIwMTQ0MjExM2VmMjgyNjczYmFiZWQ=
3990,store-3990,Garden City,Wendy's 3990 - Garden City,TG9jYXRpb246MDAxMzk5MDYyNjQ2ZmY2OWQ5ZDA0NmYwN2QyOTBkNDc=
4043,store-4043,Norfolk,Wendy's 4043 - Norfolk,TG9jYXRpb246MDAwNTg3MmQyNjBkNGNjODY1ODBhZjUyMDcwMjc2MGM=
4113,store-4113,Dickinson,Wendy's 4113 - Dickinson,TG9jYXRpb246MDAwNzg4MzEyNjIwMTQ0MjE0ZmVjZDMwZjRlNWMyNTU=
4179,store-4179,McCook,Wendy's 4179 - McCook,TG9jYXRpb246MDAwNTg3MmQyNjBkNGNjODYwMjhlMDU1MGIzNGMwOTY=
4191,store-4191,McPherson,Wendy's 4191 - McPherson,TG9jYXRpb246MDAwNTg3NWMyNjBkNGNkYWQ0MTQ3ZWYzYzNiOTAyNWE=
4245,store-4245,Lewiston,Wendy's 4245 - Lewiston,TG9jYXRpb246MDAwNTg3NWIyNjBkNGM2ZDI2MDFmMmY2YWM5YmY2NTI=
4311,store-4311,Ogallala,Wendy's 4311 - Ogallala,TG9jYXRpb246MDAwNTg3MmQyNjBkNGNjODNkYzVhYTMxMjNmZTI3MDM=
4430,store-4430,Sterling,Wendy's 4430 - Sterling,TG9jYXRpb246MDAwNTg3MmQyNjBkNGNjODZjZWNmNTYyZWRlYjQxZTE=
4468,store-4468,Newton,Wendy's 4468 - Newton,TG9jYXRpb246MDAwNTg3NWMyNjBkNGNkYWRkNzM0MDJiZWE0NDlmN2E=
4512,store-4512,Brush,Wendy's 4512 - Brush,TG9jYXRpb246MDAwNTg3MmQyNjBkNGNjODcyNzYzNDBkM2NhM2UzMjY=
4544,store-4544,La Grande,Wendy's 4544 - La Grande,TG9jYXRpb246MDAwNTg3NWIyNjBkNGM2ZDcwMzQ4YzA1ZjJjZjQ2ZDA=
4881,store-4881,Kearney North,Wendy's 4881 - Kearney North,TG9jYXRpb246MDAwNTg3MmQyNjBkNGNjODFlYWZhNTRkZWUzN2M0YzM=
4957,store-4957,Canfield,Wendy's 4957 - Canfield,TG9jYXRpb246MDAwNTg3NWIyNjBkNGM2YmEyOTRiM2JmZWI5NDg0MGM=
4972,store-4972,State,Wendy's 4972 - State,TG9jYXRpb246MDAwNTg3MmQyNjBkNGNjODMwZjY0MjJkNmM0OWFmYzQ=
5092,store-5092,Big Y,Wendy's 5092 - Big Y,TG9jYXRpb246MDAwNTg3NWIyNjBkNGM2ZDQ3MmI1MDcwNWY5ZGQ2YTE=
5133,store-5133,Yankton,Wendy's 5133 - Yankton,TG9jYXRpb246MDAwNTg3MmQyNjBkNGNjODc3ZThlMDZkZjYxNjJkNmQ=
5178,store-5178,Columbus,Wendy's 5178 - Columbus,TG9jYXRpb246MDAwNTg3MmQyNjBkNGNjODY5NmYxZjNlNDk5ZjYwZTQ=
5229,store-5229,Ashland,Wendy's 5229 - Ashland,TG9jYXRpb246MDAwNTg3MmQyNjBkNGNjODBiMTI4YTA3YWJjZDk0ZDM=
5454,store-5454,Canal,Wendy's 5454 - Canal,TG9jYXRpb246MDAwNTg3NWIyNjBkNGM2YjdkY2JmYmQzZWJjZTYyZTU=
5471,store-5471,Miles City,Wendy's 5471 - Miles City,TG9jYXRpb246MDAwNzg4MzEyNjIwMTQ0MjE4NmI0MzZhZGZjNjhmOTI=
5791,store-5791,Moscow,Wendy's 5791 - Moscow,TG9jYXRpb246MDAwNTg3NWIyNjBkNGM2YmMxZDcyMjBhMTQ4OTliYjE=
7462,store-7462,Bend 2,Wendy's 7462 - Bend 2,TG9jYXRpb246MDAwNTg3NWIyNjBkNGM2ZDVhNDRiNzJjMDVjNGEyYmY=
7640,store-7640,Newport,Wendy's 7640 - Newport,TG9jYXRpb246MDAwNTg3NWIyNjBkNGM2YjZkODg4NzA0MmRkNjRmYzE=
7706,store-7706,Ruby,Wendy's 7706 - Ruby,TG9jYXRpb246MDAwNTg3NWIyNjBkNGM2YjY4Y2ExN2UzMzg5ZmIwOGM=
8082,store-8082,Hays 1,Wendy's 8082 - Hays 1,TG9jYXRpb246MDAwNTg3NWMyNjBkNGNkYWUyOTljMGY1OGI0Zjc3YjU=
8406,store-8406,Appleway,Wendy's 8406 - Appleway,TG9jYXRpb246MDAwNTg3NWIyNjBkNGM2ZDYzMWVkNjMwNzI4MjQ5NmY=
8707,store-8707,North 27,Wendy's 8707 - North 27,TG9jYXRpb246MDAwNTg3MmQyNjBkNGNjODdjMDI2MDFlYTA2YTg1NGQ=
8830,store-8830,Fancher,Wendy's 8830 - Fancher,TG9jYXRpb246MDAwNTg3NWIyNjBkNGM2YzdlYjgwNjU0YTI4NTRlMzU=
9036,store-9036,Sullivan,Wendy's 9036 - Sullivan,TG9jYXRpb246MDAwNTg3NWIyNjBkNGM2YzVkNGE0NjBhMTUwYWEzNWI=
9082,store-9082,Post Falls,Wendy's 9082 - Post Falls,TG9jYXRpb246MDAwNTg3NWIyNjBkNGM2YjcyNTRmZjVmYWRiYTA1OWE=
9497,store-9497,North 84,Wendy's 9497 - North 84,TG9jYXRpb246MDAwNTg3MmQyNjBkNGNjODgwYTAyNTkwNjcyZmNjMzQ=
